reference_protein_1,reference_protein_2,helix_1,helix_2,shortnam,id,diethyltulouamide,methylbenzoate,x4np_butyrate,x4np_trimethylacetate,name,corrected_users_name,old_users_name_disregard,old_num_disregard,old_status_disregard,cons_size,status,dest_vector,new_master_well,project,point_people,antibiotic,cut_sites,dna_seq,aa_seq,tag_seq,ecoli_codon_optimized,strain,to_retest_27_09_2022,active_4NP_butyrate?,library
"Helixlength1: 25, Helixlength2: 43",k121_265108_17_Hydrogenophagasp_93_Proteobacteria_4fb57_unrelaxed_rank_1_model_4,25,43,k121_265108_17,p017,FALSE,FALSE,TRUE,FALSE,Batch353_p017,k121_265108_17_Hydrogenophaga_sp._93_Proteobacteria,MBS7742920.1_amidohydrolase_family_protein__Chelatococcus_sp._HY11_,Batch353_p034,completed,1752,completed,pCDF-Duet-1-TEV-GFP-HIS,master 01-B5,DEET,Nik/Yaochun,Spectinomycin,NcoI/HindIII,tgtttaactttaataaggagatataccatgTCATGTCGGAGCAGGATTGGAGATCACAGGTAAGTCAGCCCAAATACGGTATGTCTGTTCGTCGCGGGGTTATGATTAGCACACGGGATGGCACCCGAGTCGCGTGCGATGTTTATCTGCCTGATCAGCCGGGTAGGTATCCGGCCCTGCTGAGCTATAGCCATTATGGCAAAGATTTGCAAAGGGTAACAGGTAAACGCGCCCCGTTATCTCCTCTGATCGGTAATGGTGGTCTCGAGGCCGGAGACTCGGCCTACTTTGTGTCGAGAGGTTATGCTCACGTTATCGCTGATGCACGTGGGTCCGGGGATAGCGAAGGAGAGTACGTGTATCAGGGTCCTAAAGAGCAAGAGGATGGCTATGACATCATAGAGTGGATGGCCGATCAGGACTGGTGCGATGGTAATTGTGGCATGTTGGGTATGAGCTATTTCGCAGTCATGCAGTACATGGTGGCTGCTCAACAACCGCCTCACCTTAAAGCGATTGTCCCTTATGAAGCCCTGACCGATCGCTACCGCCAGAGTGTATATCATGGCGGACTGCTGAACGAAGGTTTTTGGCATCAGTGGTGGGGACATGTTAGTGTCGATGGCATGACTCCCTTATCGCACGGATATCTCGCTCAAGAAGAAATAGACCGTAGAGTCGAGGCCTTGATGGCCAGCCCGGAAGTTCAACATTCACCATACTTGCATATCCAGTTAAAATATCCAAGAAAAAATCCATTACTATTTGGTTGGCTGCTGGAACCGTTCGACGGGCCGTTATATTGGGAACGTTCACCCTATCGAATGTTCGATCGGATTAGAATCCCGACATTTTTAGCCACCAGGTGGACATCATGGGCCGTGCATCTAGCGGGCGCCTTTCAGGCGTATGAAGGAATAGATGCGCCAAAGAAACTGTTAATCATGGAGACAGAGTCCCGTCTCGGTCCCCTTCGGCCGTGGACCGATCATCATGATCTGATACTGCGTTGGTATGATCACTGGCTCAAAGGCAACGACACTGGATATATGGACGAACCACCGATACAGTTATTGATTAAGGGCAGAGACGAGTATCGGTATGAAAATGAGTGGCCGCTCGCTCGTACAAGATGGACGCGGATGTTCTTGTCTGCAGAAGGTGCTCTTGGAATGACCCAGCCGGCACAAGCGGGCGAGGCCGTCTTTCATAATGATCCTGATCTTCCTCCTGGTCGTCTGCCTCCGGCAGTGTCCTTTCAGACGGCCGCCTTTGACGATGAGGTGGAGGTTACTGGCCCCGTCGCCTTCTACTTTCACGCAGTGTTAGATCAACCGGACGCAACCTGGGTAGTCACCCTAAGGGATGTCGCACCAGACGGCACCAGCCGAACTCTAACCAAGGGTTGGCTGCGTGCAAGTCAGCGGGAGTTAGACCCAGCTCTTAGTAAGCCGTATCGTCCGTGGCAGAAACATACGGGGAAAGAACATCTAGAACCAGGTCTCTCACATGCGTATGCAATGGAAATCCGCGAAGTTTCGAACGTATTTAAAGCGGGCCACAGATTAGCGGTCGATGTTCGAGGGCAAGATTCTACCGCCGAAGACCCTATTTGGGTGCACACATGTAATGCCTTACCAACACGGCATGCGGTGCAGTTTGGTGGTGCGTTTGAGTCTTTCTTGCTGCTGCCTGTAATCCCTGAAAAAGGTGACCAACCGgaaaatttgtacttccagcatcaccaccac,MSEQDWRSQVSQPKYGMSVRRGVMISTRDGTRVACDVYLPDQPGRYPALLSYSHYGKDLQRVTGKRAPLSPLIGNGGLEAGDSAYFVSRGYAHVIADARGSGDSEGEYVYQGPKEQEDGYDIIEWMADQDWCDGNCGMLGMSYFAVMQYMVAAQQPPHLKAIVPYEALTDRYRQSVYHGGLLNEGFWHQWWGHVSVDGMTPLSHGYLAQEEIDRRVEALMASPEVQHSPYLHIQLKYPRKNPLLFGWLLEPFDGPLYWERSPYRMFDRIRIPTFLATRWTSWAVHLAGAFQAYEGIDAPKKLLIMETESRLGPLRPWTDHHDLILRWYDHWLKGNDTGYMDEPPIQLLIKGRDEYRYENEWPLARTRWTRMFLSAEGALGMTQPAQAGEAVFHNDPDLPPGRLPPAVSFQTAAFDDEVEVTGPVAFYFHAVLDQPDATWVVTLRDVAPDGTSRTLTKGWLRASQRELDPALSKPYRPWQKHTGKEHLEPGLSHAYAMEIREVSNVFKAGHRLAVDVRGQDSTAEDPIWVHTCNALPTRHAVQFGGAFESFLLLPVIPEKGDQP,ENLYFQHHHHHHIGSDGGSGGGSTSRDHMVLHEYVNAAGIT*,yes,NEB T7 Express,NA,NA,Metagenomic hydrolases
"Helixlength1: 25, Helixlength2: 43",k121_828200_5_Firmicutesbacterium_54_Firmicutes_48bbe_unrelaxed_rank_1_model_3,25,43,k121_828200_5,p075,FALSE,FALSE,TRUE,FALSE,Batch353_p075,k121_828200_5_Firmicutes_bacterium_54_Firmicutes,k121_223391_1_Caldilineaceae_bacterium_84_Chloroflexota,Batch353_p023,completed,1653,completed,pCDF-Duet-1-TEV-GFP-HIS,master 01-G3,DEET,Nik/Yaochun,Spectinomycin,NcoI/HindIII,tgtttaactttaataaggagatataccatgTCCTAGTCAAAGAAACACGTTTAGTCGAAATGACCGATGGAGTGCGTTTGGCTACCGATATATATAGACCGGATGGTGCCGGGCCTTGGCCTGTTCTGCTCATGCGCACTGTTTATTCACGGAATGCCCCAAACGTCGCACGCGATGCAGAAGGTCGAACAAAAGATGGTTGGGTATTAGTGGTGCAAGATACCAGAGGACGATTTGACTCAGAAGGCGCTAATCATGCATTTGAAGCCGACGGTTGGGCTGCCCATCATGACGGTGCAGATACTCTGGCGTGGATAGGTCGACAGCCTTGGTCGAATGGGCAGGTTGCAACCGGCGGGGCGAGTGCACTGGGCATTACCCAGTTGCTCTTAGCTGGTTCGGGCGTTCAACCGATTGCGACACAGCACATCGTCGTTGCAACTCCAAGCCTATATGATGCAGCTTACCGCCAAGGGGTGTTTCGCCGGGCGACAATTGAAGATTGGTTAAAAGCCAGTGCATTCGGGCCGGAAATGCTCCGCCTGTGGACTGCTCACAGTCGCTATGATAGCTACTGGGAACGTCGGAATCTCGATGGACGGTACGAGCAGATTCGTACGCCGGCCTTACACTATGGAGGATGGTTTGACATTTTCGCACAGGGAACATTAGATAGCTTTCGCGGCTACAACGAGCAGGGTGGTCGCGGTGCGAAAGGTAAACAACATCTGCTGATGGGCCCCTGGACTCATGGCGTTGGGGGAGCCAAAGCAGGGGAACTGGTGTTCCCCGGTGCGAATAAGGCGCCGACGAAAGCGAGACACCTTGGCGACTGGATTAACCATGCTGTGAAAGGGGCGGCAAACGGCATTGCATCTGAACCTTCAGTCATTTATTATGTTATGGGCGACACTTCCGATCCGCAAGCCCCAGGCAATTTCTGGAGGGGAACTGATCGGTGGCCTCGTCCGGATGCGCAACCTACCCCGTTCTTTTTTCACCCCGATCATTCATTATCGGCACAGGCCCCGGCGGCAGACGGTAAACTCACATATGTACATGATCCTGCCAATCCCGTTCCCACAGTGGGAGGTCCTTGGTTGACAATTCCGGCAGGTCCGATGAACCAGGCGGCAATTGAGACACGTAGTGATGTTTTGGTATTCACCAGTGAACCGTTACCTGCTCCGATGGAGATTACGGGCCGTATTAGCGCGCGCCTGTGGATAAGTTCGGATGCCCCGGATACTGATTTTTTCGTCCGCCTTTGTATCGTCGGTGCGGACGGTCGTAGTTACAATCTGGCGGAAGGAGCGGTCCGAGCCCGCTTTTGGAAGTCACTGCGCGAAGAAAATCTTCTGCAGCCGGGTCAGGTTTATCCACTGACTATAGATTTATGGTCAACAAGCGTTGTGTTCAATACCGGTAACAGACTGCGCGTACAGGTTGCCTCCAGCAGCGCGCCGGGATATGAGGTGAATCCGAACAATGGTCTTCCCCTAAAAGCTCCGGGAGAACCTCGACCCGCGCGTAACACCCTTCATTTAGGTCCGGAGCATCCAAGCCAGGTCATATTACCGGTTGCACCTTTCCGCCCAGACGCTTATCCAGGCGGCCAACCGgaaaatttgtacttccagcatcaccaccac,LVKETRLVEMTDGVRLATDIYRPDGAGPWPVLLMRTVYSRNAPNVARDAEGRTKDGWVLVVQDTRGRFDSEGANHAFEADGWAAHHDGADTLAWIGRQPWSNGQVATGGASALGITQLLLAGSGVQPIATQHIVVATPSLYDAAYRQGVFRRATIEDWLKASAFGPEMLRLWTAHSRYDSYWERRNLDGRYEQIRTPALHYGGWFDIFAQGTLDSFRGYNEQGGRGAKGKQHLLMGPWTHGVGGAKAGELVFPGANKAPTKARHLGDWINHAVKGAANGIASEPSVIYYVMGDTSDPQAPGNFWRGTDRWPRPDAQPTPFFFHPDHSLSAQAPAADGKLTYVHDPANPVPTVGGPWLTIPAGPMNQAAIETRSDVLVFTSEPLPAPMEITGRISARLWISSDAPDTDFFVRLCIVGADGRSYNLAEGAVRARFWKSLREENLLQPGQVYPLTIDLWSTSVVFNTGNRLRVQVASSSAPGYEVNPNNGLPLKAPGEPRPARNTLHLGPEHPSQVILPVAPFRPDAYPGGQP,ENLYFQHHHHHHIGSDGGSGGGSTSRDHMVLHEYVNAAGIT*,yes,NEB T7 Express,NA,Yes,Metagenomic hydrolases
"Helixlength1: 23, Helixlength2: 46",k121_1605487_14_Gemmataceaebacterium_73_Planctomycetota_c0243_unrelaxed_rank_1_model_2,23,46,k121_1605487_14,NA,NA,NA,NA,NA,NA,NA,NA,NA,NA,NA,NA,NA,NA,NA,NA,NA,NA,NA,NA,NA,NA,NA,NA,NA,Metagenomic hydrolases
"Helixlength1: 21, Helixlength2: 49",k121_673736_5_Acidobacteriabacterium_56_Acidobacteriota_c18a1_unrelaxed_rank_1_model_5,21,49,k121_673736_5,NA,NA,NA,NA,NA,NA,NA,NA,NA,NA,NA,NA,NA,NA,NA,NA,NA,NA,NA,NA,NA,NA,NA,NA,NA,Metagenomic hydrolases
"Helixlength1: 20, Helixlength2: 41",k121_660309_4_Kouleothrixaurantiaca_94_Chloroflexota_d232d_unrelaxed_rank_1_model_5,20,41,k121_660309_4,p089,FALSE,FALSE,TRUE,FALSE,Batch353_p089,k121_660309_4_Kouleothrix_aurantiaca_94_Chloroflexota,k121_120966_3_Deltaproteobacteria_bacterium_50_NA,Batch353_p040,completed,1794,completed,pCDF-Duet-1-TEV-GFP-HIS,master 01-H5,DEET,Nik/Yaochun,Spectinomycin,NcoI/HindIII,tgtttaactttaataaggagatataccatgTCATGAACGATCAGATATCGGTGGAGTTCGACGTGCCAGCGACCATGCGCGATGGAGTGGAACTTCGCGCCAATATCTTTCGTCCCGCAGACGGTGGTCCGTATCCGGTAGCTTTAGTGAGAACACCCTATGGCAAAGATTTCTCTTCAGTTCTGCCAGTCGGAGATGCGCTGCGACTGGCACGCGCAGGATATATTGTAGTTGTTCAGGATGTTCGGGGCCGCTTTCGTTCAGGTGGCGCGTGGGCAGTGTTCGAAAACGAAGCAAACGATGGTTATGATTCAGTTGAGTGGGCAGCTCGCGTCCCAGGATCAACAGGCGCCGTAGGAATGTATGGATTGAGTTACCTGGGGTTCACGCAGTGGATGGCGGCGCAGAGCGCCCCGCCGTCACTCAGAGCTATTGTACCGGCCCTGACGTGGTGGGATGCGCGGGATGGTACCGTCGGTCGCGGTGGCGCACTGGAACTGGGCCTGCAAGCGTATTGGCAGCTTAATGCGTTAGCTCTGGATGCAACTGTTCGTCGTTCTGCCGGCCAGCCGCCGGCCGAACTTATGCGTGCGCTCGCGGCTGTGGTAAATGAAATTGATGGGCTGCGAGGCGAAGGCTATCGTGCCTTGCCTCTCGGTGAATTTGCACCCCTCGCTCGCGCTGGAATGCTGGGCGACCTGCAGGCCGCGTTAGCAAACGCCGAGAATCCTGGGTATTTTGCCCCCTATTCTATCCGCGAAGGCTATGCACGGGTGGAGGTGCCAGCTCTAGTCGTTGGTGGTTGGTACGATATCTTTACAGGGGGGAGCCTGCAATCCTTTGCGGCACTGCGGGGGGCGGGTTCTACTCCGGCCGCTCGTCAGTCTAAACTTGTTATGGGCCCGTGGTCACATGTCAACTATTCTAACGCAGTTGGAGATCTGGATTTTGGTTTTCGTGCTCAGATGACCCTGATGAATTTGCAGTCAGATCTGACAGGTCTGACTGTACGGTGGTTTGATCATTGGTTGAAGGGCATCGATAATGGAATTGCGGCAGAACTTCCGGTCAGATTATTTGTAATGGGCGCGAATGTTTGGCGTGATGAGGCCGAATGGCCACTGGCAAGAGCCGAAGCGACCCCATTTTACCTGCGCGCGGGTGGCGAACTGTCACCGGAACCGCCAGCGGATGAACTGCCGGACCGCTTTGTGTATGATCCTGCGGATCCGACGCCTACATTAGGCGGGAACCTTCTTATGCATGTCCTTTATGGTCCTGGACCTAGAGATCAGAGACCCATAGAAGCAAGAGCTGACATGCTGAGCTATACAACCCCTCCACTGGAGAGAGATACTGAAGTTACGGGACCTTTAGTGGTTAAACTTTGGGCTGCATCTGACGCCCCGGATACCGATTTCGTTGCCAGACTGGTGGATGTTCATCCGGATGGATTTGCTCAAAACTTAGCAGACGGCATTGTTCGGGCGCGATACAGGAACGGTCCACGAGCTGAACCGCTGGAACCTGGGAAACCGACCGAGTTTACAATTGATCTCTGGGCCACAGCAAATGTCTTTAAAGCCGCACATTGTATCCGTGTTGATATCGCCTCCGCAAGCTTTCCGCGTTGGGATCGTAATTTAAATACGGGAGAGGACCCAGCCAGTGCCACAGCCATGCGGTTAGCCCAACAGCACATATTGCACGACGCCGCGCATCCTTCACATATTCTGTTACCGATTGTACCGGGCTCTGAGGATgaaaatttgtacttccagcatcaccaccac,MNDQISVEFDVPATMRDGVELRANIFRPADGGPYPVALVRTPYGKDFSSVLPVGDALRLARAGYIVVVQDVRGRFRSGGAWAVFENEANDGYDSVEWAARVPGSTGAVGMYGLSYLGFTQWMAAQSAPPSLRAIVPALTWWDARDGTVGRGGALELGLQAYWQLNALALDATVRRSAGQPPAELMRALAAVVNEIDGLRGEGYRALPLGEFAPLARAGMLGDLQAALANAENPGYFAPYSIREGYARVEVPALVVGGWYDIFTGGSLQSFAALRGAGSTPAARQSKLVMGPWSHVNYSNAVGDLDFGFRAQMTLMNLQSDLTGLTVRWFDHWLKGIDNGIAAELPVRLFVMGANVWRDEAEWPLARAEATPFYLRAGGELSPEPPADELPDRFVYDPADPTPTLGGNLLMHVLYGPGPRDQRPIEARADMLSYTTPPLERDTEVTGPLVVKLWAASDAPDTDFVARLVDVHPDGFAQNLADGIVRARYRNGPRAEPLEPGKPTEFTIDLWATANVFKAAHCIRVDIASASFPRWDRNLNTGEDPASATAMRLAQQHILHDAAHPSHILLPIVPGSED,ENLYFQHHHHHHIGSDGGSGGGSTSRDHMVLHEYVNAAGIT*,yes,NEB T7 Express,NA,Yes,Metagenomic hydrolases
"Helixlength1: 19, Helixlength2: 19",k121_1068475_44_CandidatusMicrothrix_60e65_unrelaxed_rank_1_model_5,19,19,k121_1068475_44,NA,NA,NA,NA,NA,NA,NA,NA,NA,NA,NA,NA,NA,NA,NA,NA,NA,NA,NA,NA,NA,NA,NA,NA,NA,Metagenomic hydrolases
"Helixlength1: 16, Helixlength2: 16",k121_1417449_2_Planctomycetesbacterium_57_Planctomycetota_93a96_unrelaxed_rank_1_model_3,16,16,k121_1417449_2,NA,NA,NA,NA,NA,NA,NA,NA,NA,NA,NA,NA,NA,NA,NA,NA,NA,NA,NA,NA,NA,NA,NA,NA,NA,Metagenomic hydrolases
"Helixlength1: 16, Helixlength2: 60",k121_1458826_2_Gemmataceaebacterium_57_Planctomycetota_4b519_unrelaxed_rank_1_model_4,16,60,k121_1458826_2,NA,NA,NA,NA,NA,NA,NA,NA,NA,NA,NA,NA,NA,NA,NA,NA,NA,NA,NA,NA,NA,NA,NA,NA,NA,Metagenomic hydrolases
"Helixlength1: 16, Helixlength2: 16",k121_1525341_99_Brevibacillusmassiliensis_44_Firmicutes_3b75d_unrelaxed_rank_1_model_3,16,16,k121_1525341_99,NA,NA,NA,NA,NA,NA,NA,NA,NA,NA,NA,NA,NA,NA,NA,NA,NA,NA,NA,NA,NA,NA,NA,NA,NA,Metagenomic hydrolases
"Helixlength1: 16, Helixlength2: 79",k121_369_2_Gemmatimonadetesbacterium_80_Gemmatimonadota_b9db9_unrelaxed_rank_1_model_5,16,79,k121_369_2,NA,NA,NA,NA,NA,NA,NA,NA,NA,NA,NA,NA,NA,NA,NA,NA,NA,NA,NA,NA,NA,NA,NA,NA,NA,Metagenomic hydrolases
"Helixlength1: 16, Helixlength2: 24",k121_481065_4_CaenimonasspHX920_79_NA_bff9f_unrelaxed_rank_1_model_3,16,24,k121_481065_4,NA,NA,NA,NA,NA,NA,NA,NA,NA,NA,NA,NA,NA,NA,NA,NA,NA,NA,NA,NA,NA,NA,NA,NA,NA,Metagenomic hydrolases
"Helixlength1: 16, Helixlength2: 56",k121_573916_5_Actinobacteriabacterium_52_NA_964e3_unrelaxed_rank_1_model_3,16,56,k121_573916_5,NA,NA,NA,NA,NA,NA,NA,NA,NA,NA,NA,NA,NA,NA,NA,NA,NA,NA,NA,NA,NA,NA,NA,NA,NA,Metagenomic hydrolases
"Helixlength1: 16, Helixlength2: 79",k121_732369_10_ActinobacteriabacteriumIMCC26207_58_NA_f3042_unrelaxed_rank_1_model_3,16,79,k121_732369_10,NA,NA,NA,NA,NA,NA,NA,NA,NA,NA,NA,NA,NA,NA,NA,NA,NA,NA,NA,NA,NA,NA,NA,NA,NA,Metagenomic hydrolases
"Helixlength1: 16, Helixlength2: 59",k121_759220_82_AeromicrobiumspLeaf289_92_Actinobacteriota_7912a_unrelaxed_rank_1_model_3,16,59,k121_759220_82,NA,NA,NA,NA,NA,NA,NA,NA,NA,NA,NA,NA,NA,NA,NA,NA,NA,NA,NA,NA,NA,NA,NA,NA,NA,Metagenomic hydrolases
"Helixlength1: 16, Helixlength2: 16",k121_897525_7_AncylobacterspTS1_58_Proteobacteria_39f0a_unrelaxed_rank_1_model_3,16,16,k121_897525_7,NA,NA,NA,NA,NA,NA,NA,NA,NA,NA,NA,NA,NA,NA,NA,NA,NA,NA,NA,NA,NA,NA,NA,NA,NA,Metagenomic hydrolases
"Helixlength1: 15, Helixlength2: 15",k121_1192583_3_Lysobacterdaejeonensis_72_Proteobacteria_0b241_unrelaxed_rank_1_model_3,15,15,k121_1192583_3,NA,NA,NA,NA,NA,NA,NA,NA,NA,NA,NA,NA,NA,NA,NA,NA,NA,NA,NA,NA,NA,NA,NA,NA,NA,Metagenomic hydrolases
"Helixlength1: 15, Helixlength2: 66",k121_1355022_6_Chloroflexibacterium_70_Chloroflexota_c3bf9_unrelaxed_rank_1_model_5,15,66,k121_1355022_6,NA,NA,NA,NA,NA,NA,NA,NA,NA,NA,NA,NA,NA,NA,NA,NA,NA,NA,NA,NA,NA,NA,NA,NA,NA,Metagenomic hydrolases
"Helixlength1: 15, Helixlength2: 15",k121_1414047_2_Gemmatimonadetesbacterium_70_Gemmatimonadota_e947b_unrelaxed_rank_1_model_3,15,15,k121_1414047_2,NA,NA,NA,NA,NA,NA,NA,NA,NA,NA,NA,NA,NA,NA,NA,NA,NA,NA,NA,NA,NA,NA,NA,NA,NA,Metagenomic hydrolases
"Helixlength1: 15, Helixlength2: 52",k121_297887_2_Alphaproteobacteriabacterium_75_Proteobacteria_19c7a_unrelaxed_rank_1_model_3,15,52,k121_297887_2,NA,NA,NA,NA,NA,NA,NA,NA,NA,NA,NA,NA,NA,NA,NA,NA,NA,NA,NA,NA,NA,NA,NA,NA,NA,Metagenomic hydrolases
"Helixlength1: 14, Helixlength2: 69",k121_122209_15_Sphingobacteriaceaebacterium_89_Bacteroidota_8adc0_unrelaxed_rank_1_model_3,14,69,k121_122209_15,NA,NA,NA,NA,NA,NA,NA,NA,NA,NA,NA,NA,NA,NA,NA,NA,NA,NA,NA,NA,NA,NA,NA,NA,NA,Metagenomic hydrolases
"Helixlength1: 14, Helixlength2: 14",k121_375323_4_Acidimicrobialesbacterium_62_Actinobacteriota_83b26_unrelaxed_rank_1_model_3,14,14,k121_375323_4,NA,NA,NA,NA,NA,NA,NA,NA,NA,NA,NA,NA,NA,NA,NA,NA,NA,NA,NA,NA,NA,NA,NA,NA,NA,Metagenomic hydrolases
"Helixlength1: 14, Helixlength2: 14",k121_465062_2_Variovoraxbeijingensis_81_Proteobacteria_6bb0f_unrelaxed_rank_1_model_3,14,14,k121_465062_2,NA,NA,NA,NA,NA,NA,NA,NA,NA,NA,NA,NA,NA,NA,NA,NA,NA,NA,NA,NA,NA,NA,NA,NA,NA,Metagenomic hydrolases
"Helixlength1: 14, Helixlength2: 14",k121_50076_3_unclassifiedPseudoxanthomonas_95_NA_ec0a1_unrelaxed_rank_1_model_3,14,14,k121_50076_3,NA,NA,NA,NA,NA,NA,NA,NA,NA,NA,NA,NA,NA,NA,NA,NA,NA,NA,NA,NA,NA,NA,NA,NA,NA,Metagenomic hydrolases
"Helixlength1: 14, Helixlength2: 14",k121_733925_2_Actinobacteriabacterium_78_NA_3e2f3_unrelaxed_rank_1_model_4,14,14,k121_733925_2,NA,NA,NA,NA,NA,NA,NA,NA,NA,NA,NA,NA,NA,NA,NA,NA,NA,NA,NA,NA,NA,NA,NA,NA,NA,Metagenomic hydrolases
"Helixlength1: 13, Helixlength2: 70",k121_1092158_2_Actinobacteriabacterium_60_NA_12f89_unrelaxed_rank_1_model_3,13,70,k121_1092158_2,NA,NA,NA,NA,NA,NA,NA,NA,NA,NA,NA,NA,NA,NA,NA,NA,NA,NA,NA,NA,NA,NA,NA,NA,NA,Metagenomic hydrolases
"Helixlength1: 13, Helixlength2: 70",k121_1134877_7_Pirellulaceaebacterium_65_Planctomycetota_e0e13_unrelaxed_rank_1_model_3,13,70,k121_1134877_7,NA,NA,NA,NA,NA,NA,NA,NA,NA,NA,NA,NA,NA,NA,NA,NA,NA,NA,NA,NA,NA,NA,NA,NA,NA,Metagenomic hydrolases
"Helixlength1: 13, Helixlength2: 13",k121_1308955_9_Agrobacteriumspa222_70_Proteobacteria_7e5de_unrelaxed_rank_1_model_4,13,13,k121_1308955_9,NA,NA,NA,NA,NA,NA,NA,NA,NA,NA,NA,NA,NA,NA,NA,NA,NA,NA,NA,NA,NA,NA,NA,NA,NA,Metagenomic hydrolases
"Helixlength1: 13, Helixlength2: 13",k121_1383848_4_Brevifollisgellanilyticus_73_NA_4459e_unrelaxed_rank_1_model_5,13,13,k121_1383848_4,NA,NA,NA,NA,NA,NA,NA,NA,NA,NA,NA,NA,NA,NA,NA,NA,NA,NA,NA,NA,NA,NA,NA,NA,NA,Metagenomic hydrolases
"Helixlength1: 13, Helixlength2: 51",k121_206934_11_Nannocystissp_84_Myxococcota_31610_unrelaxed_rank_1_model_3,13,51,k121_206934_11,NA,NA,NA,NA,NA,NA,NA,NA,NA,NA,NA,NA,NA,NA,NA,NA,NA,NA,NA,NA,NA,NA,NA,NA,NA,Metagenomic hydrolases
"Helixlength1: 13, Helixlength2: 64",k121_236882_Aeromicrobium_sp_Leaf_26268_unrelaxed_rank_1_model_3,13,64,k121_236882_Aeromicrobium,NA,NA,NA,NA,NA,NA,NA,NA,NA,NA,NA,NA,NA,NA,NA,NA,NA,NA,NA,NA,NA,NA,NA,NA,NA,Metagenomic hydrolases
"Helixlength1: 13, Helixlength2: 70",k121_34483_4_Gammaproteobacteriabacterium_99_Proteobacteria_a4f6e_unrelaxed_rank_1_model_4,13,70,k121_34483_4,NA,NA,NA,NA,NA,NA,NA,NA,NA,NA,NA,NA,NA,NA,NA,NA,NA,NA,NA,NA,NA,NA,NA,NA,NA,Metagenomic hydrolases
"Helixlength1: 13, Helixlength2: 13",k121_530580_16_Gemmatimonadetesbacterium_70_Gemmatimonadota_430f5_unrelaxed_rank_1_model_3,13,13,k121_530580_16,NA,NA,NA,NA,NA,NA,NA,NA,NA,NA,NA,NA,NA,NA,NA,NA,NA,NA,NA,NA,NA,NA,NA,NA,NA,Metagenomic hydrolases
"Helixlength1: 13, Helixlength2: 64",k121_881367_3_Verrucomicrobiabacterium_70_Verrucomicrobiota_a1e48_unrelaxed_rank_1_model_3,13,64,k121_881367_3,p028,FALSE,FALSE,TRUE,FALSE,Batch353_p028,k121_881367_3_Verrucomicrobia_bacterium_70_Verrucomicrobiota,k121_759220_82_Aeromicrobium_sp._Leaf289_92_Actinobacteriota,Batch353_p027,completed,1713,completed,pCDF-Duet-1-TEV-GFP-HIS,master 01-C4,DEET,Nik/Yaochun,Spectinomycin,NcoI/HindIII,tgtttaactttaataaggagatataccatgTCGCCGAGGACCTTCCGTTTAACGCAGAGATGGATGTTGCCATTCCAATGCGGGATGGTACAACGCTGTCGGCGAATATTTATCGCCCCAAGGAGGGTGGGCCCTTTCCCGTTGTGCTGATGCGTACCCCGTATGGCAAGCCAGATTCTAAATGGGGCGACGCCCGTAAGTACACCGCGGCGGGATATGCCCTGGTTGCACAAGACTGCCGCGGACGCGGCAAATCTGCTGGCATGTGGGATCCGTTTGTGTTTGATCCCCAGGATGGCTTTGACACACAAGAGTGGGTTGGACGCCAACCGTGGTGTAACGGTTCAATAGGGACGTCCGGTGGGAGCTATGGAGGATGGACTCAGTGGGCTAGCGCGCCTAAAGCCTCTAAATATTTAAAGTGTATGGTCCCGGTCGTACCTTTCGCGGATGTATATAGCGATATCGCATATCCTGGCGGGGCGTACCAGCATGCCCTGCTTATGGGATGGGGAGCTGCCGTCGGGGGCGTGGCGCTGAAACCTGAAGACTTAATCGCCAGCTTTAGATACTTGCCATTACGGACTTTCGGAGATCAGTATCAACCTAAAGTGCCCTTTATTAATCAATGGGTTCACCACCCCACGTATGATGATTACTGGAAACGTCGTGGTATCGACCGGCAGTATAGCGATGTGACCGTCCCAATTCTCAACATAGGGGGATGGTATGATATATTTAGCAAAACGACCTTGGAACTCACAGCACAGGTTCGTGCTCATAGCAAAGATCGGTTGGCCCGTCGTAATCAATTTGTGGTCATGGGTCCGTGGTCGCACGGGGTGGGCCCACAGAAAGTTGGGGATGTAGATTTTGGACCCGAGGCAAAACGTTCCATAGGTGAGTTGCAGTTCCAGTTCCTGGAATACTGGCTGAAGGGGCGTGAAACAGGCGTCCAGGACTGGCCACCGTATCAAATCTTTGTGATGGGAGAAAATCGGTGGCGGGGCGAGCACGAATGGCCATTAAAACGTACAAGGGCCACCCCTTATTATTTCCATTCTGGTGGGCGTGCGAACTCTGCGCAGGGCGATGGATCATTGGATACCACTCAACCAGGTGAAGAGCCTCCGGATCGGTACGTTTCTGATCCTAATCAGCCAGTTCCGACCACGGGCGGCAATATTTTGGTGGGTGCCCCAATTGGACCTTTTGACCAATCGGAAGTCGAACGCCGCCAGGATCTGCTAGTGTACACGAGCGCGCCACTGACAGAGCATGTGGAAGCGACCGGGAACGTTACCGTGGTGCTGCATGCAGCGAGTGATGCACTGGATACCGATTTCACTGCGAAACTCGTTGATGTTTATCCAGATGGCCGCGCGATAAATTTATGTGACGGCATCCAGCGTGCTCGGACCCGCGGTGGGGCTGGAACACAGCGCCTGTTGAAACCGGGGAAGGTGGAAGTCTTCGAAATCGATCTGTGGGTAACCAGCAACTTATTCGCGCGCGGGCATCGCATCCGTGTTGAGATCGCCTCAAGTAATTTTCCGCGCTTTGACCGCAATCCCAATACTGGACAAGATTTCGGAACCGATACGGTGCTGAAACCTGCAAAACAAACCGTCTGGCACAGCGGAGTTTACCCGTCTCATCTGGTACTGCCGGTGATACCCCGTgaaaatttgtacttccagcatcaccaccac,AEDLPFNAEMDVAIPMRDGTTLSANIYRPKEGGPFPVVLMRTPYGKPDSKWGDARKYTAAGYALVAQDCRGRGKSAGMWDPFVFDPQDGFDTQEWVGRQPWCNGSIGTSGGSYGGWTQWASAPKASKYLKCMVPVVPFADVYSDIAYPGGAYQHALLMGWGAAVGGVALKPEDLIASFRYLPLRTFGDQYQPKVPFINQWVHHPTYDDYWKRRGIDRQYSDVTVPILNIGGWYDIFSKTTLELTAQVRAHSKDRLARRNQFVVMGPWSHGVGPQKVGDVDFGPEAKRSIGELQFQFLEYWLKGRETGVQDWPPYQIFVMGENRWRGEHEWPLKRTRATPYYFHSGGRANSAQGDGSLDTTQPGEEPPDRYVSDPNQPVPTTGGNILVGAPIGPFDQSEVERRQDLLVYTSAPLTEHVEATGNVTVVLHAASDALDTDFTAKLVDVYPDGRAINLCDGIQRARTRGGAGTQRLLKPGKVEVFEIDLWVTSNLFARGHRIRVEIASSNFPRFDRNPNTGQDFGTDTVLKPAKQTVWHSGVYPSHLVLPVIPR,ENLYFQHHHHHHIGSDGGSGGGSTSRDHMVLHEYVNAAGIT*,yes,NEB T7 Express,NA,Yes,Metagenomic hydrolases
"Helixlength1: 12, Helixlength2: 70",k121_1133021_48_CandidatusMicrothrixparvicellaRN1_100_Actinobacteriota_d08a4_unrelaxed_rank_1_model_3,12,70,k121_1133021_48,NA,NA,NA,NA,NA,NA,NA,NA,NA,NA,NA,NA,NA,NA,NA,NA,NA,NA,NA,NA,NA,NA,NA,NA,NA,Metagenomic hydrolases
"Helixlength1: 12, Helixlength2: 12",k121_1135289_39_Stagnimonasaquatica_81_NA_da222_unrelaxed_rank_1_model_3,12,12,k121_1135289_39,NA,NA,NA,NA,NA,NA,NA,NA,NA,NA,NA,NA,NA,NA,NA,NA,NA,NA,NA,NA,NA,NA,NA,NA,NA,Metagenomic hydrolases
"Helixlength1: 12, Helixlength2: 12",k121_122329_2_Planctomycetesbacterium_76_Planctomycetota_bf3f7_unrelaxed_rank_1_model_5,12,12,k121_122329_2,p006,FALSE,TRUE,TRUE,FALSE,Batch353_p006,k121_122329_2_Planctomycetes_bacterium_76_Planctomycetota,MBS7742141.1_alpha_beta_hydrolase__Chelatococcus_sp._HY11_,Batch353_p041,completed,1806,completed,pCDF-Duet-1-TEV-GFP-HIS,master 01-A6,DEET,Nik/Yaochun,Spectinomycin,NcoI/HindIII,tgtttaactttaataaggagatataccatgTCCAGCCACCACAGGCAGGTGATTACTCACCCGTACAATACGAGATCACTGAGGAGCGCAACCTAGACGCTCCTGTCCGGGACGGTGTTTTACTGAAGTGTGATATATTTCGTCCGGCGGCGGAAGGGAGGTTTCCAGCGATTCTGCAGATCACTCCGTACAATAAGAATGGAATGGCAACTCGTGCGCAAAAATTCGCGCCGAGGGGGTATGTGGTTGTTAACGTTGATAGCCGTGGTCGTTTTGAAAGCTGTGGGGAATGGGACCCGTTCAGCCCGCAACACAAAACAGATGGTTACGATCTAGTTCAATGGATTGCAGCCCAACCGTGGTGTAATGGTAACGTCGGTATGTACGGTCTGAGTTATATGGGTTGGACACAGTGGTGGACAGCGTCCCAGGCCCCGCCTGCTTTAAAGGCGATAGTCCCCGAAGTCGCGCCGCCAGATCATTTTTACAACTGCCCGTACCAGAACGGTATTTATGTAAGTTGGATGATTGATTGGGCCGGGAATATGTCCGCTAGACTCCCGCACTCCGCGGGTCCGGGTGGCTATGGTGGCTTCGCTGAGGGTCGCGCTGAAGCGTACAGCAAATTACCCTATATCGACTTTGATAAAACGCGAAACTATCTGCCGAATGACTGGTGGAGGAAGTGGATTCTACAGAACACCGCCGAAGGGGAGTATTGGAAGGCTATTGCTTACCAAACCCCGGAGGACTATGCTCGTATCACGGTTCCTAGCCTAGCGATTACGGGTTGGTTCGATGCCGATTTTCCCGGTTCCCCTATGAACTACCTGGCAATGAAAGAACATGGTGGTACACCTGAGGCCCGGCGTCCTCGTATGGTCATAGGTCCTTGGCAGCACATCATTAACACAGAACGCGTAGCCGCGGGTGTGGATTTTGGTCCGGACGCGATTATTGACTGGGATGGGTATGTTCTGAGATGGTTTGACTACCACCTGAAGGGTGTAGAAAATGGTGTGCTGGACGATCCGCCGGTACACGTCTTTGTTATGGGGCGTAACGCATGGCGCACCGCATCGGACTGGCCGTTGCCACAGACACAGTTTACCCGGTACTATCTCCATTCCGGTGGAAAAGCAAATTCTGCAGCTGGTGACGGTCATTTGTCGACCGAAGCGCCAGGTGAAGAGGCCCCCGACCGCTATACCTACAATCCATTAGACCCGACGCCATCTCCAGCATTTGCAAACGGACACATTGATGGTCCACGCGACGTACAGACATCGTCTGCCCGGAATGATGTGTTAGTCTATGACACTCCGGAACTTACAGAAGACGTTGAAGTTGTTGGACCTATAACCGCCACGCTATTCGCCGCCACTAGCGGCCATGATACTGATTGGATGATACGTATAATAGACGTCCACCCCGACGGACGCGCACTGTTCCTTGGGGAGGGCGTAATGCGCGCGCGGCATCGAGATCCTGAAAAACATGGTGCTTTTAATCCGAATGCGCTTTCTACTCTGACACCGTCAGAAACTTATGAATATACTTTAGAATTTCACAGGCCTACCGGCAATCTGTTTAAACAAGGCCATCGTATTCGCATCGAAATCTCGTCATCATACTTTCCCTATTACTTGCGGAATCCAAATACACCAGAACCAAACATTGGCTTGGCCACCGAATTTCAGACGGTCACCCAGTCTGTCCTGCACGATTCGGCGCACCCGTCACATGTGGTTCTTCCGATAATTCCGGCTGGCACCgaaaatttgtacttccagcatcaccaccac,QPPQAGDYSPVQYEITEERNLDAPVRDGVLLKCDIFRPAAEGRFPAILQITPYNKNGMATRAQKFAPRGYVVVNVDSRGRFESCGEWDPFSPQHKTDGYDLVQWIAAQPWCNGNVGMYGLSYMGWTQWWTASQAPPALKAIVPEVAPPDHFYNCPYQNGIYVSWMIDWAGNMSARLPHSAGPGGYGGFAEGRAEAYSKLPYIDFDKTRNYLPNDWWRKWILQNTAEGEYWKAIAYQTPEDYARITVPSLAITGWFDADFPGSPMNYLAMKEHGGTPEARRPRMVIGPWQHIINTERVAAGVDFGPDAIIDWDGYVLRWFDYHLKGVENGVLDDPPVHVFVMGRNAWRTASDWPLPQTQFTRYYLHSGGKANSAAGDGHLSTEAPGEEAPDRYTYNPLDPTPSPAFANGHIDGPRDVQTSSARNDVLVYDTPELTEDVEVVGPITATLFAATSGHDTDWMIRIIDVHPDGRALFLGEGVMRARHRDPEKHGAFNPNALSTLTPSETYEYTLEFHRPTGNLFKQGHRIRIEISSSYFPYYLRNPNTPEPNIGLATEFQTVTQSVLHDSAHPSHVVLPIIPAGT,ENLYFQHHHHHHIGSDGGSGGGSTSRDHMVLHEYVNAAGIT*,yes,NEB T7 Express,NA,NA,Metagenomic hydrolases
"Helixlength1: 12, Helixlength2: 12",k121_1846639_18_Pirellulasp_88_Planctomycetota_cdabe_unrelaxed_rank_1_model_3,12,12,k121_1846639_18,NA,NA,NA,NA,NA,NA,NA,NA,NA,NA,NA,NA,NA,NA,NA,NA,NA,NA,NA,NA,NA,NA,NA,NA,NA,Metagenomic hydrolases
"Helixlength1: 12, Helixlength2: 12",k121_223391_1_Caldilineaceaebacterium_84_Chloroflexota_1ea88_unrelaxed_rank_1_model_3,12,12,k121_223391_1,NA,NA,NA,NA,NA,NA,NA,NA,NA,NA,NA,NA,NA,NA,NA,NA,NA,NA,NA,NA,NA,NA,NA,NA,NA,Metagenomic hydrolases
"Helixlength1: 12, Helixlength2: 12",k121_556235_5_AquabacteriumspSJQ9_90_Proteobacteria_bcf9b_unrelaxed_rank_1_model_4,12,12,k121_556235_5,p069,FALSE,FALSE,TRUE,FALSE,Batch353_p069,k121_556235_5_Aquabacterium_sp._SJQ9_90_Proteobacteria,k121_34483_4_Gammaproteobacteria_bacterium_99_Proteobacteria,Batch353_p070,completed,2022,completed,pCDF-Duet-1-TEV-GFP-HIS,master 01-F9,DEET,Nik/Yaochun,Spectinomycin,NcoI/HindIII,tgtttaactttaataaggagatataccatgTCCAAACAACAACCCTTGGAACCCGTGGTTCCACGGCTTCTGATACAACGGCTATCACAAGTAATGCCGGAAGCACTTGGAAAGAATACAAACGTGCAGCTGAGTATGCGGACGCGGTTAGTCTTCCTCTGCAATTCATAACAATGGCCGATGGTAAAAAATTAGCGGTGCGGGTAACAGTACCTGCGGACGCCAAAGGTAAACCTGTTGCTGGCACCTTTCCTGCGATCCTGACCCAAACAGCCTACCGTATCGATCTCGGTCAGCTTCTGGGGTACGTGGTCCAAACAGGCAATTCCCTGCTTGTGGGTGGTCAAGATAAATTTATGGTACAGAGAGGTTATGTGAGTGTCGCAGTGGACGTAGTGGGCACAGGCATGAGTTCGGGAGAAGGAGCTTTACTGGGGACGGCGGAACAGGAAGGTTATGCTGCGGCCGTCGATTGGGTCACCCAGCAGCCCTGGTTCAATGGTAAACTTGGTCTAGCCGGTACTTCGTACTTAGGCATAACCTCTCTTCAGACCGCGAAGCAGCAACATCCGGCAGTTAAAGCCGTATTCGCTCAGGTACCGATGGGTGATGCATACAGGGGCACTGTTGGAATTGGGGGACTTCTCAATGCAAAGTTTATCTCTCTTTGGCTGCCGCTCACACACACTTTAAGTGTGCAGAATGATATCGCCAAACTGAATTTTCCCAGCTGGAGTGCTCAGATTGAACAGGCAAATCAGGAGCACATAGCCAGTATCGATAGTTGGTACTTGCCTACAGTGGATGGAGCTATGACAGGGGTAACAGGTTACGCAACAGACGATGGCGATTTCTGGGCTGTCCGTTCTCCAATCGAAGGCGCGTCGCGTATCAAGGTTCCAACTTTCATCGTAGGGTCATCTAATGATATTTTTCAGCGAGACGAACCACTATTATATGAGCAACTGAAAAAGAACGTGAATGCTAAACTGCTGATCGTGAAAGGTAGTCATGTAGAAGCTGTACTCGCCGCTGCATCTGGCGCGAACAATCTGCTGGGAAATGGCGCACCAGGATCTGCAAGTCTAATGCTGCAGTGGTTTGATCAGTACGTAAGAGGTATTAACACAGGAGCCGCGTCATTACCTAACGTCACACAATTCGTAGAAGGATATGGAGTACTGGGCACTACGAGATATTCAAAGTCTACAGACTGGCCACATCCTCAGATGACCCCGACCCGGTTATACCTGCGCGGTAACCAGACCCTGACCGCTGCGAAACCGGGCAGCGGTGAAACCGCACGTTTTGTGAAGGAACCTAAAGCCGCCGTGGTTACCTACGCAAAAAATGACAGCGGAAAGACTGTTTCAGCCGGTGTTGAAATTAATGATGGAAGCGACTGTTCTTCGTCTATGGTGCAGTGGTCTCTTGGTATCTCAGGGCTTCTGCCCAAGGCATGTTACACGAATTCTAACACAGTGGAAAAATCTCAGGGGGCCGCAATCTACGAAACCCCGTTCCAGACATCTGATATGTATATCAATGGGCCGATACAGGCGGACTTGTGGGTTGCCACTACGAAAACCGAGGCAGCCATAAGCGTCCGTGTTGACGCTGTAGACATTCTCGGGAAAGCAACCCCGTTAAGTACTGGGCTGCTAGCGGTTTCTCACCGGGCTATTGATACTACCCGCTCTCGCTACGTGAAAGGGGTTATGATTCAACCTTGGCATCCTTTCACAGAAGCGGCGCGCCTACCTGTCATACCGGGCCAGGCAATGCAGGTATCTGTTGAAGTATTCCCTGCAGCAGCATTGATTCGTAAAGGTCAAAAACTGCGCATAGCTATCAGCGCCAGCAATCAGGCTATGGGAGTTTGGCCCAAGCCTCAGGAGGCGCAGGCGGCTGGAGGAGTTACAACCATCTTTTCTGATGCGAATCGTCCCTCTTCAGTTGTGCTTCCGGTTGTACCAGCCAGCGCGCTAAATgaaaatttgtacttccagcatcaccaccac,QTTTLGTRGSTASDTTAITSNAGSTWKEYKRAAEYADAVSLPLQFITMADGKKLAVRVTVPADAKGKPVAGTFPAILTQTAYRIDLGQLLGYVVQTGNSLLVGGQDKFMVQRGYVSVAVDVVGTGMSSGEGALLGTAEQEGYAAAVDWVTQQPWFNGKLGLAGTSYLGITSLQTAKQQHPAVKAVFAQVPMGDAYRGTVGIGGLLNAKFISLWLPLTHTLSVQNDIAKLNFPSWSAQIEQANQEHIASIDSWYLPTVDGAMTGVTGYATDDGDFWAVRSPIEGASRIKVPTFIVGSSNDIFQRDEPLLYEQLKKNVNAKLLIVKGSHVEAVLAAASGANNLLGNGAPGSASLMLQWFDQYVRGINTGAASLPNVTQFVEGYGVLGTTRYSKSTDWPHPQMTPTRLYLRGNQTLTAAKPGSGETARFVKEPKAAVVTYAKNDSGKTVSAGVEINDGSDCSSSMVQWSLGISGLLPKACYTNSNTVEKSQGAAIYETPFQTSDMYINGPIQADLWVATTKTEAAISVRVDAVDILGKATPLSTGLLAVSHRAIDTTRSRYVKGVMIQPWHPFTEAARLPVIPGQAMQVSVEVFPAAALIRKGQKLRIAISASNQAMGVWPKPQEAQAAGGVTTIFSDANRPSSVVLPVVPASALN,ENLYFQHHHHHHIGSDGGSGGGSTSRDHMVLHEYVNAAGIT*,yes,NEB T7 Express,NA,NA,Metagenomic hydrolases
"Helixlength1: 12, Helixlength2: 12",k121_649983_3_Mycobacteriaceae_98_Actinobacteriota_51778_unrelaxed_rank_1_model_5,12,12,k121_649983_3,NA,NA,NA,NA,NA,NA,NA,NA,NA,NA,NA,NA,NA,NA,NA,NA,NA,NA,NA,NA,NA,NA,NA,NA,NA,Metagenomic hydrolases
"Helixlength1: 12, Helixlength2: 12",k121_72495_6_Gammaproteobacteriabacterium_99_Proteobacteria_f0c68_unrelaxed_rank_1_model_5,12,12,k121_72495_6,NA,NA,NA,NA,NA,NA,NA,NA,NA,NA,NA,NA,NA,NA,NA,NA,NA,NA,NA,NA,NA,NA,NA,NA,NA,Metagenomic hydrolases
"Helixlength1: 12, Helixlength2: 26",k121_882336_2_Prosthecobactersp_91_Verrucomicrobiota_95efa_unrelaxed_rank_1_model_4,12,26,k121_882336_2,p007,FALSE,FALSE,TRUE,FALSE,Batch353_p007,k121_882336_2_Prosthecobacter_sp._91_Verrucomicrobiota,MBS7742287.1_alpha_beta_hydrolase__Chelatococcus_sp._HY11_,Batch353_p049,completed,1839,completed,pCDF-Duet-1-TEV-GFP-HIS,master 01-A7,DEET,Nik/Yaochun,Spectinomycin,NcoI/HindIII,tgtttaactttaataaggagatataccatgTCGATGAGGCTGTGGCAGCCAGGATGAGAGCCCTTTTTCCGAAAGTTGATGCAGACCAGAGCGGTACATTGAGCGAAGCCGAACAGGCACGTGCCGTTGAATTTGTTAAAACCACTTACGGTGCACAATGGAGCCGCCAGATCGAGGTGATGTTTGGGCGTGTAGAAAAGAATGGTTCTGTTAGTACAGAAGCCTGGCAACAAGCGGTGGCCATGTTCGCGCGCGCCCCCGCCAAAAAAACTGAGATGATAGCAATGCCTGACGGAGTTCCCTTGGCAACAGATATTTTTCTGCCTGCTGGTGATGGTCCCTTCCCTGTTGTTTTGTCGCGGACCCCTTACTCACGTGTAAAAAGATCCCAAGAAGCCGCCAGCTTCGTGCGGGAAGGTTGGGTTTTTGTTATACAGGATATGCGTGGACGTTTCGACTCTAAAGGAGAAAATTTGCCGTTTATAGGTTGCGGCTGGGGCGAACATGAAGACGGTGTTGACACTATTGAATGGCTGAAAAAGCAGCCCTGGTGTGATGGCAGAATCGTTACGATCGGTGGCAGCGCAGGCGGTATCACGCAGAATTTATTGGCGGGTGCCGCACCGCAGGGCTTGAAAGCACAGTACATTAGTGTGGCTACTAGCTCGATGTATGCAGGGGGTTCCTACATTGGAGGAGCATTTCGGAAAGCAGATGTTGAAAATTGGATGACCGGCAACAAATATGACCCGAAAGCTCTGCAGATTACCCGTGATCATCCTAATCACGATGATTATTGGGCAAAATTCGATACCACGAAACGTTTTAATCGCATGGATGTTCCGGCTGTGCATGTAGGTGGCTGGTTTGACATGTTTTTACAGGGAACGATTGATCAGTTCACTGGACGGCAGCATCACGGTGCCGCCGGCGCAAAAGGCACCCAAAAACTTGTGATAGGTCCGTGGCAGCACGCGATTGGGAAAATGCCGACAGGTCAGTTAACCTTTCCAAACGCCACCCGTATCCCTCAGGCATATGATGCGTTACGCTGGTTTACGCATTATTTGAAGGGAACAGACAATGGTGTGGAAAAAGAGCCAGCAGTGGCGTATTACGTAATGGGTGATACCGCTACCCCCGGTGCCCCCGGTAATGAATGGCGCTACGCACATGATTGGCCTGTTCCGGCAAAAGAAACGCCTGTCTATTTCACCAGCGATCGTCGGCTGTCGCTGGAGAAACCCGCCGCCGCGGCCACGCCCCACGAATTTACGTTCGACCCGGCTCATCCCTGCCCGACTATTGGGGGAGCAAACCTGACTATTGATCGTGGCCCGATGGATCAGCGCAAAATTGAAGATCGAGGTGACGTTCTTGTTTTCAATGGTGACGTTCTTGACAAACCCGTCGAAGTAACCGGAAGGGTGTTTGCGAAAGTATTCTTGAGCTCTAGCGCAGTAGACACCGATCTAAGCTTACGGCTTTGCGACGTTTATCCAGACGGCCGTTCTATGTTGATAGCCGAGGGCATGCAGCGTCTGCGTCATAGAAAAAGCACAGCGCAACCGCAACCATTGACTCCAGGCCAGATTGAAGAGGTGGCAGTGGATTGTTGGAGCACCAGTCAAATCTTCAATACTGGTCATCGATTGCGCGTAACTATTACCAGCTCGAATTATCCACGTTTCGATGTTAATCCTGGAACAGGGCAACCATGGAGTGATTCAGGCGAGAAGGTCATGCAGACCAACCGCATTTACTGCGACGCCGAACATTCTTCGCGTTTAGTTGTGCCGGTTGTGGAAgaaaatttgtacttccagcatcaccaccac,DEAVAARMRALFPKVDADQSGTLSEAEQARAVEFVKTTYGAQWSRQIEVMFGRVEKNGSVSTEAWQQAVAMFARAPAKKTEMIAMPDGVPLATDIFLPAGDGPFPVVLSRTPYSRVKRSQEAASFVREGWVFVIQDMRGRFDSKGENLPFIGCGWGEHEDGVDTIEWLKKQPWCDGRIVTIGGSAGGITQNLLAGAAPQGLKAQYISVATSSMYAGGSYIGGAFRKADVENWMTGNKYDPKALQITRDHPNHDDYWAKFDTTKRFNRMDVPAVHVGGWFDMFLQGTIDQFTGRQHHGAAGAKGTQKLVIGPWQHAIGKMPTGQLTFPNATRIPQAYDALRWFTHYLKGTDNGVEKEPAVAYYVMGDTATPGAPGNEWRYAHDWPVPAKETPVYFTSDRRLSLEKPAAAATPHEFTFDPAHPCPTIGGANLTIDRGPMDQRKIEDRGDVLVFNGDVLDKPVEVTGRVFAKVFLSSSAVDTDLSLRLCDVYPDGRSMLIAEGMQRLRHRKSTAQPQPLTPGQIEEVAVDCWSTSQIFNTGHRLRVTITSSNYPRFDVNPGTGQPWSDSGEKVMQTNRIYCDAEHSSRLVVPVVE,ENLYFQHHHHHHIGSDGGSGGGSTSRDHMVLHEYVNAAGIT*,yes,NEB T7 Express,Yes,Yes,Metagenomic hydrolases
"Helixlength1: 12, Helixlength2: 76",k121_906930_2_Luteitaleapratensis_79_Acidobacteriota_a00ef_unrelaxed_rank_1_model_3,12,76,k121_906930_2,NA,NA,NA,NA,NA,NA,NA,NA,NA,NA,NA,NA,NA,NA,NA,NA,NA,NA,NA,NA,NA,NA,NA,NA,NA,Metagenomic hydrolases
"Helixlength1: 11, Helixlength2: 11",k121_1037964_2_Acidobacteriabacterium_97_Acidobacteriota_18245_unrelaxed_rank_1_model_3,11,11,k121_1037964_2,NA,NA,NA,NA,NA,NA,NA,NA,NA,NA,NA,NA,NA,NA,NA,NA,NA,NA,NA,NA,NA,NA,NA,NA,NA,Metagenomic hydrolases
"Helixlength1: 11, Helixlength2: 11",k121_1208703_1_Kouleothrixaurantiaca_93_Chloroflexota_0b241_unrelaxed_rank_1_model_3,11,11,k121_1208703_1,NA,NA,NA,NA,NA,NA,NA,NA,NA,NA,NA,NA,NA,NA,NA,NA,NA,NA,NA,NA,NA,NA,NA,NA,NA,Metagenomic hydrolases
"Helixlength1: 11, Helixlength2: 11",k121_120966_3_Deltaproteobacteriabacterium_50_NA_f08eb_unrelaxed_rank_1_model_3,11,11,k121_120966_3,NA,NA,NA,NA,NA,NA,NA,NA,NA,NA,NA,NA,NA,NA,NA,NA,NA,NA,NA,NA,NA,NA,NA,NA,NA,Metagenomic hydrolases
"Helixlength1: 11, Helixlength2: 11",k121_1452640_4_Leifsoniaflava_71_Actinobacteriota_0b65f_unrelaxed_rank_1_model_2,11,11,k121_1452640_4,NA,NA,NA,NA,NA,NA,NA,NA,NA,NA,NA,NA,NA,NA,NA,NA,NA,NA,NA,NA,NA,NA,NA,NA,NA,Metagenomic hydrolases
"Helixlength1: 11, Helixlength2: 41",k121_1486705_1_Gemmatimonadetesbacterium_99_Gemmatimonadota_f79bd_unrelaxed_rank_1_model_5,11,41,k121_1486705_1,NA,NA,NA,NA,NA,NA,NA,NA,NA,NA,NA,NA,NA,NA,NA,NA,NA,NA,NA,NA,NA,NA,NA,NA,NA,Metagenomic hydrolases
"Helixlength1: 11, Helixlength2: 11",k121_150510_2_Rhodoferaxsp_79_Proteobacteria_ab839_unrelaxed_rank_1_model_3,11,11,k121_150510_2,NA,NA,NA,NA,NA,NA,NA,NA,NA,NA,NA,NA,NA,NA,NA,NA,NA,NA,NA,NA,NA,NA,NA,NA,NA,Metagenomic hydrolases
"Helixlength1: 11, Helixlength2: 11",k121_189379_8_Actinobacteriabacterium_81_NA_4206d_unrelaxed_rank_1_model_3,11,11,k121_189379_8,NA,NA,NA,NA,NA,NA,NA,NA,NA,NA,NA,NA,NA,NA,NA,NA,NA,NA,NA,NA,NA,NA,NA,NA,NA,Metagenomic hydrolases
"Helixlength1: 11, Helixlength2: 11",k121_374686_15_Microthrixaceaebacterium_60_NA_74952_unrelaxed_rank_1_model_3,11,11,k121_374686_15,NA,NA,NA,NA,NA,NA,NA,NA,NA,NA,NA,NA,NA,NA,NA,NA,NA,NA,NA,NA,NA,NA,NA,NA,NA,Metagenomic hydrolases
"Helixlength1: 11, Helixlength2: 11",k121_693023_9_Luteitaleapratensis_86_Acidobacteriota_28cab_unrelaxed_rank_1_model_3,11,11,k121_693023_9,NA,NA,NA,NA,NA,NA,NA,NA,NA,NA,NA,NA,NA,NA,NA,NA,NA,NA,NA,NA,NA,NA,NA,NA,NA,Metagenomic hydrolases
"Helixlength1: 11, Helixlength2: 11",k121_724440_13_Ferruginibactersp_66_Bacteroidota_ac238_unrelaxed_rank_1_model_3,11,11,k121_724440_13,NA,NA,NA,NA,NA,NA,NA,NA,NA,NA,NA,NA,NA,NA,NA,NA,NA,NA,NA,NA,NA,NA,NA,NA,NA,Metagenomic hydrolases
"Helixlength1: 11, Helixlength2: 42",k121_871806_7_Chloroflexibacterium_67_Chloroflexota_57b57_unrelaxed_rank_1_model_5,11,42,k121_871806_7,NA,NA,NA,NA,NA,NA,NA,NA,NA,NA,NA,NA,NA,NA,NA,NA,NA,NA,NA,NA,NA,NA,NA,NA,NA,Metagenomic hydrolases
"Helixlength1: 11, Helixlength2: 42",k121_894617_3_Sphingosinicellasp_95_Proteobacteria_496ca_unrelaxed_rank_1_model_3,11,42,k121_894617_3,NA,NA,NA,NA,NA,NA,NA,NA,NA,NA,NA,NA,NA,NA,NA,NA,NA,NA,NA,NA,NA,NA,NA,NA,NA,Metagenomic hydrolases
"Helixlength1: 10, Helixlength2: 10",k121_1277557_2_Rubrobacteraceaebacterium_59_Actinobacteriota_36d3d_unrelaxed_rank_1_model_3,10,10,k121_1277557_2,NA,NA,NA,NA,NA,NA,NA,NA,NA,NA,NA,NA,NA,NA,NA,NA,NA,NA,NA,NA,NA,NA,NA,NA,NA,Metagenomic hydrolases
"Helixlength1: 10, Helixlength2: 45",k121_1386034_11_Acidimicrobiaceaebacterium_60_Actinobacteriota_9a200_unrelaxed_rank_1_model_3,10,45,k121_1386034_11,NA,NA,NA,NA,NA,NA,NA,NA,NA,NA,NA,NA,NA,NA,NA,NA,NA,NA,NA,NA,NA,NA,NA,NA,NA,Metagenomic hydrolases
"Helixlength1: 10, Helixlength2: 45",k121_1688004_9_Phycisphaeraebacterium_77_Planctomycetota_4c565_unrelaxed_rank_1_model_4,10,45,k121_1688004_9,NA,NA,NA,NA,NA,NA,NA,NA,NA,NA,NA,NA,NA,NA,NA,NA,NA,NA,NA,NA,NA,NA,NA,NA,NA,Metagenomic hydrolases
"Helixlength1: 10, Helixlength2: 10",k121_268708_2_Sphingomonadalesbacterium_99_Proteobacteria_74cbf_unrelaxed_rank_1_model_5,10,10,k121_268708_2,NA,NA,NA,NA,NA,NA,NA,NA,NA,NA,NA,NA,NA,NA,NA,NA,NA,NA,NA,NA,NA,NA,NA,NA,NA,Metagenomic hydrolases
"Helixlength1: 10, Helixlength2: 10",k121_319029_36_Acidimicrobialesbacterium_64_Actinobacteriota_45907_unrelaxed_rank_1_model_3,10,10,k121_319029_36,NA,NA,NA,NA,NA,NA,NA,NA,NA,NA,NA,NA,NA,NA,NA,NA,NA,NA,NA,NA,NA,NA,NA,NA,NA,Metagenomic hydrolases
"Helixlength1: 10, Helixlength2: 10",k121_509372_4_Rhodoferaxsp_90_Proteobacteria_b7107_unrelaxed_rank_1_model_3,10,10,k121_509372_4,NA,NA,NA,NA,NA,NA,NA,NA,NA,NA,NA,NA,NA,NA,NA,NA,NA,NA,NA,NA,NA,NA,NA,NA,NA,Metagenomic hydrolases
"Helixlength1: 6, Helixlength2: 40",k121_1562919_1_Gammaproteobacteriabacterium_82_Proteobacteria_167b4_unrelaxed_rank_1_model_3,6,40,k121_1562919_1,NA,NA,NA,NA,NA,NA,NA,NA,NA,NA,NA,NA,NA,NA,NA,NA,NA,NA,NA,NA,NA,NA,NA,NA,NA,Metagenomic hydrolases
"Helixlength1: 1, Helixlength2: 1",k121_1444369_2_Rhodospirillaceaebacterium_55_Proteobacteria_6cca9_unrelaxed_rank_1_model_3,1,1,k121_1444369_2,p055,FALSE,FALSE,TRUE,TRUE,Batch353_p055,k121_1444369_2_Rhodospirillaceae_bacterium_55_Proteobacteria,k121_1135289_39_Stagnimonas_aquatica_81_NA,Batch353_p053,completed,1857,completed,pCDF-Duet-1-TEV-GFP-HIS,master 01-E7,DEET,Nik/Yaochun,Spectinomycin,NcoI/HindIII,tgtttaactttaataaggagatataccatgTCATGGGCGCAGGTAACGCAGCGGACGAACATTGGATATCAAAGAATTCCCGCATTGAACACTTACCAGATTTTAGATTTACGGTTATACCTAGTGGCACAGCTGATCGGTCACAGGCCGGCAAAGTGATTCGAGACTCTATGGTCGCTATGCGCGACGGAGTGTGTCTGGCAACAGATGTTTATTTACCAGAAGGCGATGGTCCGTTCCCAACCGTTCTCTGCAGAATGCCGTACGGTAAGACTGAACCATATGCTTTCATACCGCTCGTTGGTGATCACTTTGCACGTAAAGGCTATGCATTTGTTGCACAGGATGTGCGTGGGAAGTTTGGTTCTGAAGGTACCTTTGTGCCAAATTCTGGCGCCAACGAAATTAACGATGGGTATGATACCATTGAATGGATTAGCCAACAACCGTGGTCCAATCAACGGGTTGGCATGTGGGGTGAAAGTTATTACGGCTTTACTACTTACGCTGGAGGTGTGTCCGGTCATCCAAATCTGGTATGCATTGCGCCCGGGAACGTCTCTCCCAACCGCTATGACTGCACTTTCCGTGCTGGCGCCATGCAGCTGAGCACAATTGGTGTTTGGGCCATCCAGTTGATGTCCCAGAGCTATCAAGACATCAGCTCATTAGATCTGCGGTATCTTCCGCTTGCCGATCTGCCGAAGTCTGCCGGGCTAGAAAGCGCATATTTCGACCAGTTCATTGAAAACCCGACGTTCACAGCGTTCTGGCGGGATCGCTCACTGCTCACGGCATATGACATCAGAATCCCCGTTCTGAATTTCGGGGGTTGGTATGATTTATATCTCGGATATGTCATTTCCAACTGGGAACGCCTGAGGGGTAATAATCCAGGCACCGATCACAATTATCTGTTTATCGGGCCGTGGGATCATGAAGCTAGCAGCGATAACATAGGACGCGTTGGGCGCGTGAAGGTTAGTGATCAAGTGGCGTCACAGCGTTGGGATACCATTGAAGCCTTTTTCGATAAGCACCTGATGCAGCTCGATAATGGCTTCGGTGCGCGCGGAAAAGTTCGATACTATACCATCGGCGCCGATACCTGGCAGGAATCCGCAGCATGGCCACCGGAAAACGCTACCGTGGAAAATTATTATTTCCATAGTAATGGGCGCGCCAATACCCTTAGTGGGGATGGAACCCTGTCGGCAGACCTGCCAGGCTCTGAACCAGCGGATCAGTTTGTTTATGATCCTCAGGATCCTGTTGCCGATACCCAAGACGTCGATTGCTTCGCAATCGCTGCACAGATGGCTGATCGATCACAGGCAGCTCAAAGGGCAGATGTATTATGCTATACCTCCCAACCCCTGGCGCACGATCTGGAAATTAGCGGACCGATTAAAGCTCGTCTGTACGCAGCGTCCTCCGCGGTGAACACCGATTTTACAGTGTCCCTAGTTGATGTTTATCCTGATGGGTACGGGAATCTGATTCAGGATGGAATACTGCGCGTCAGCTACCGCGATCCCGCTAGTCCACCATCAAACATCGAACCAGGAAAGGTTTATGCACTTGATGTCGATATTTGGTCTACCTCCTATCTCGTTAAACAGGGTCATCGTCTGAGAGTTGAAGTTTCAAGCTCAAATTTCTCTCGCTACGATAGGAACCCAAATACAGGGGAAGCGTACGGTCGTAGCGCACGCACAATACCTGCAACCCAGACTATTCTGCACGCCGAAGCAACACCCTCACACATTGCACTGCCGATCGTGAGAAAAGCAACTGCAGCTAAACCCTCACAGCCGCCTAAACCTgaaaatttgtacttccagcatcaccaccac,MGAGNAADEHWISKNSRIEHLPDFRFTVIPSGTADRSQAGKVIRDSMVAMRDGVCLATDVYLPEGDGPFPTVLCRMPYGKTEPYAFIPLVGDHFARKGYAFVAQDVRGKFGSEGTFVPNSGANEINDGYDTIEWISQQPWSNQRVGMWGESYYGFTTYAGGVSGHPNLVCIAPGNVSPNRYDCTFRAGAMQLSTIGVWAIQLMSQSYQDISSLDLRYLPLADLPKSAGLESAYFDQFIENPTFTAFWRDRSLLTAYDIRIPVLNFGGWYDLYLGYVISNWERLRGNNPGTDHNYLFIGPWDHEASSDNIGRVGRVKVSDQVASQRWDTIEAFFDKHLMQLDNGFGARGKVRYYTIGADTWQESAAWPPENATVENYYFHSNGRANTLSGDGTLSADLPGSEPADQFVYDPQDPVADTQDVDCFAIAAQMADRSQAAQRADVLCYTSQPLAHDLEISGPIKARLYAASSAVNTDFTVSLVDVYPDGYGNLIQDGILRVSYRDPASPPSNIEPGKVYALDVDIWSTSYLVKQGHRLRVEVSSSNFSRYDRNPNTGEAYGRSARTIPATQTILHAEATPSHIALPIVRKATAAKPSQPPKP,ENLYFQHHHHHHIGSDGGSGGGSTSRDHMVLHEYVNAAGIT*,yes,NEB T7 Express,NA,Yes,Metagenomic hydrolases
"Helixlength1: 1, Helixlength2: 10",k121_2960_3_Ralstonia_100_Proteobacteria_e1994_unrelaxed_rank_1_model_4,1,10,k121_2960_3,NA,NA,NA,NA,NA,NA,NA,NA,NA,NA,NA,NA,NA,NA,NA,NA,NA,NA,NA,NA,NA,NA,NA,NA,NA,Metagenomic hydrolases
